--  Insert on table TIPO_DOC
--  DEFAULT is for Serial id_tipo
insert into tipo_doc values (DEFAULT, 'carta di identita');
insert into tipo_doc values (DEFAULT, 'passaporto');
insert into tipo_doc values (DEFAULT, 'patente');

--  Insert on table INDIRIZZO
--  DEFAULT is for Serial id_indirizzo
insert into indirizzo values (DEFAULT, '80121', 'Via Gaetani 22');
insert into indirizzo values (DEFAULT, '80127', 'Via Cilea 250');
insert into indirizzo values (DEFAULT, '80123', 'Via Alessandro Manzoni 141');
insert into indirizzo values (DEFAULT, '80127', 'Via A. Vaccaro 23');
insert into indirizzo values (DEFAULT, '80122', 'Viale M.C. Savoia 26');
insert into indirizzo values (DEFAULT, '80122', 'Via Francesco Petrarca 151');
insert into indirizzo values (DEFAULT, '80123', 'Via Posillipo 149');
insert into indirizzo values (DEFAULT, '80131', 'Via Nuova San Rocco 95');
insert into indirizzo values (DEFAULT, '80128', 'Via Antonio Pitloo 7');
insert into indirizzo values (DEFAULT, '80129', 'Via Suarez 38');
insert into indirizzo values (DEFAULT, '80122', 'Via Pontano 7');
insert into indirizzo values (DEFAULT, '80127', 'Via Raffaele Morghen 37');
insert into indirizzo values (DEFAULT, '80134', 'Via Toledo 429');
insert into indirizzo values (DEFAULT, '80138', 'Corso Umberto I 7');
insert into indirizzo values (DEFAULT, '80122', 'Corso Vittorio Emanuele 697');
insert into indirizzo values (DEFAULT, '80125', 'Viale Di Augusto 42');
insert into indirizzo values (DEFAULT, '80100', 'Via Giovanni Porzio Isola G1 4');
insert into indirizzo values (DEFAULT, '80135', 'Via Santa Teresa Degli Scalzi 8');
insert into indirizzo values (DEFAULT, '80129', 'Via Solimena 155');
insert into indirizzo values (DEFAULT, '80121', 'Via Chiaia 142');
insert into indirizzo values (DEFAULT, '80133', 'Via Ponte Di Tappia 82');
insert into indirizzo values (DEFAULT, '80132', 'Via S. Lucia 15');
insert into indirizzo values (DEFAULT, '80142', 'Piazza Garibaldi 26');
insert into indirizzo values (DEFAULT, '80129', 'Largo Francesco Celebrano 27');
insert into indirizzo values (DEFAULT, '80126', 'Via Servio Tullio');
insert into indirizzo values (DEFAULT, '80125', 'Via S. Veniero 17');
insert into indirizzo values (DEFAULT, '80129', E'Via D\'Auria 3');
insert into indirizzo values (DEFAULT, '80125', 'Via Giacomo Leopardi 90');
insert into indirizzo values (DEFAULT, '80137', 'Piazza Cavour 152');
insert into indirizzo values (DEFAULT, '80132', 'Via Santa Lucia 173');
insert into indirizzo values (DEFAULT, '80129', E'Piazza Dell\'Immacolata 26');
insert into indirizzo values (DEFAULT, '80129', 'Via Fiore 19');
insert into indirizzo values (DEFAULT, '80128', 'Via S. Giacomo Dei Capri 52');
insert into indirizzo values (DEFAULT, '80131', 'Via Bosco Capodimonte 101');
insert into indirizzo values (DEFAULT, '80131', 'Via Giovanni Miranda 8');
insert into indirizzo values (DEFAULT, '80121', 'Via G. Martucci 72');
insert into indirizzo values (DEFAULT, '80122', 'Viale Antonio Gramsci 20');
insert into indirizzo values (DEFAULT, '80131', 'Via Quagliariello 35');
insert into indirizzo values (DEFAULT, '80129', 'Via Gian Lorenzo Bernini 104');
insert into indirizzo values (DEFAULT, '80122', 'Via Mergellina 23');
insert into indirizzo values (DEFAULT, '80132', 'Via Santa Lucia 110');
insert into indirizzo values (DEFAULT, '80136', 'Via Salvator Rosa 245');
insert into indirizzo values (DEFAULT, '80136', 'Via Battistello Caracciolo 16');
insert into indirizzo values (DEFAULT, '80134', 'Via Cardinale Gugliemo Sanfelice 33');
insert into indirizzo values (DEFAULT, '80131', 'Via De Martino Augusto 7');
insert into indirizzo values (DEFAULT, '80124', E'Viale Cavalleggeri D\'Aosta 7');
insert into indirizzo values (DEFAULT, '80121', 'Via Cuoco 5');
insert into indirizzo values (DEFAULT, '80134', 'Via Toledo 329');
insert into indirizzo values (DEFAULT, '80122', 'Via Michelangelo Schipa 22');
insert into indirizzo values (DEFAULT, '80135', 'Via Broggia 18');
insert into indirizzo values (DEFAULT, '80134', 'Calata Trinita Maggiore 53');
insert into indirizzo values (DEFAULT, '80129', 'Via Torrione S. Martino 51');
insert into indirizzo values (DEFAULT, '80143', 'Corso Novara 40');
insert into indirizzo values (DEFAULT, '80122', 'Via Francesco Giordani 30');
insert into indirizzo values (DEFAULT, '80147', 'Via Provinciale Botteghelle di Portici 534');
insert into indirizzo values (DEFAULT, '80127', 'Via Aniello Falcone 386');
insert into indirizzo values (DEFAULT, '80131', 'Via Bosco Capodimonte 101');
insert into indirizzo values (DEFAULT, '80100', 'Via Salv. Rosa 146');
insert into indirizzo values (DEFAULT, '80127', 'Via Tasso 183');
insert into indirizzo values (DEFAULT, '80100', 'Via Renato Carosone 39');
insert into indirizzo values (DEFAULT, '80129', 'Via Kerbaker 8');

--  Insert on table PERSONA
--  DEFAULT is for Serial id_persona
insert into persona values (DEFAULT, 'Estelle',  'Ballintime',   'eballintime0',    'tecweb', 'ZXVDRH50G03Q083B', 1,  'Ngembo',          '21/08/1992');
insert into persona values (DEFAULT, 'Verna',    'Langforth',    'vlangforth1',     'tecweb', 'VFJRKG48F53C062E', 2,  'Sintansin',       '15/02/1987');
insert into persona values (DEFAULT, 'Earl',     'Tansill',      'etansill2',       'tecweb', 'RCTMKH30N80T085O', 3,  'Julcamarca',      '20/03/1954');
insert into persona values (DEFAULT, 'Jerrilyn', 'Checketts',    'jchecketts3',     'tecweb', 'PYAZGH27I98S624X', 4,  'Borgo Maggiore',  '29/08/1991');
insert into persona values (DEFAULT, 'Cinda',    'Kearford',     'ckearford4',      'tecweb', 'KQDHSE54X52Y594U', 5,  'Härnösand',       '01/05/1978');
insert into persona values (DEFAULT, 'Ashely',   'Van Haeften',  'avanhaeften5',    'tecweb', 'MXSNCO55I77Y025P', 6,  'Zselickislak',    '25/07/1996');
insert into persona values (DEFAULT, 'Piper',    'Bullivent',    'pbullivent6',     'tecweb', 'ZVUKAY72J31Y534N', 7,  'Rossosh’',        '03/09/1994');
insert into persona values (DEFAULT, 'Merna',    'Dorber',       'mdorber7',        'tecweb', 'SXQOWC26T27C805M', 8,  'Dongyuan',        '22/11/1973');
insert into persona values (DEFAULT, 'Sheffy',   'Zanetti',      'szanetti8',       'tecweb', 'TZAVWM91R87L472Q', 9,  'Łąck',            '09/10/1960');
insert into persona values (DEFAULT, 'Chickie',  'Flounders',    'cflounders9',     'tecweb', 'INWRAQ02T39Q546W', 10, 'Changchi',        '06/11/1965');
insert into persona values (DEFAULT, 'Lora',     'Quiddinton',   'lquiddintona',    'tecweb', 'FHILPZ80P08S497T', 11, 'Tashtagol',       '06/11/1955');
insert into persona values (DEFAULT, 'Benedikt', 'Rivilis',      'brivilisb',       'tecweb', 'FJKPGO17K63A671X', 12, 'Gävle',           '16/12/1996');
insert into persona values (DEFAULT, 'Emmalyn',  'Jantel',       'ejantelc',        'tecweb', 'YFNKLI30T15W331L', 13, 'Zhvanets',        '02/07/1963');
insert into persona values (DEFAULT, 'Joellyn',  'Caldaro',      'jcaldarod',       'tecweb', 'GPEAIM50P04L102M', 14, 'Dulian',          '22/12/1998');
insert into persona values (DEFAULT, 'Jabez',    'Hovy',         'jhovye',          'tecweb', 'NICLRO57T31X853J', 15, 'Muzhijie',        '30/03/1978');
insert into persona values (DEFAULT, 'Shelagh',  'Payley',       'spayleyf',        'tecweb', 'MPINAR88J74C464A', 16, 'Luoyang',         '17/07/1963');
insert into persona values (DEFAULT, 'Allyn',    'Dunnet',       'adunnetg',        'tecweb', 'SRUJBC25P72A954T', 17, 'Sefrou',          '01/11/1965');
insert into persona values (DEFAULT, 'Martainn', 'McMearty',     'mmcmeartyh',      'tecweb', 'YRIUQL81O89N542W', 18, 'Malakand',        '09/10/1972');
insert into persona values (DEFAULT, 'Sorcha',   'Skellon',      'sskelloni',       'tecweb', 'EAIBKO15D97X162S', 19, 'Livádion',        '29/06/1978');
insert into persona values (DEFAULT, 'Egan',     'Hansmann',     'ehansmannj',      'tecweb', 'WYZJEV14W79P978O', 20, 'Haduohe',         '11/11/1984');
insert into persona values (DEFAULT, 'Vera',     'Volett',       'vvolettk',        'tecweb', 'RVEUFC50S12A446S', 21, 'Lokea',           '27/07/1968');
insert into persona values (DEFAULT, 'Hadria',   'Weetch',       'hweetchl',        'tecweb', 'TYSADJ96S91B360M', 22, 'Zbąszynek',       '29/11/1954');
insert into persona values (DEFAULT, 'Neville',  'Jacklings',    'njacklingsm',     'tecweb', 'DUIJHY72L41Y289Q', 23, 'Chengjiao',       '20/01/1972');
insert into persona values (DEFAULT, 'Marjorie', 'Filliskirk',   'mfilliskirkn',    'tecweb', 'YPKTUZ37G67G518P', 24, 'Xiadahe',         '11/11/1995');
insert into persona values (DEFAULT, 'Skipper',  'Flips',        'sflipso',         'tecweb', 'RFLIVS34Y24Q150L', 25, 'Berëzovyy',       '02/05/1980');
insert into persona values (DEFAULT, 'Jozef',    'Trimmill',     'jtrimmillp',      'tecweb', 'YCEPHT93Z54F292W', 26, 'Shuangkou',       '16/01/1988');
insert into persona values (DEFAULT, 'Charlton', 'Lill',         'clillq',          'tecweb', 'IGERWH50D04A258O', 27, 'Padilla',         '23/09/1991');
insert into persona values (DEFAULT, 'Land',     'Gresch',       'lgreschr',        'tecweb', 'NWCMGD99O61Y478G', 28, 'Sanjinquan',      '02/12/1950');
insert into persona values (DEFAULT, 'Dallis',   'Lomas',        'dlomass',         'tecweb', 'MDYRAL60Y83K340M', 29, 'Samamiya',        '30/07/1994');
insert into persona values (DEFAULT, 'Domingo',  'Betchley',     'dbetchleyt',      'tecweb', 'MRWKBS71F17I176C', 30, 'Killumney',       '12/09/1995');
insert into persona values (DEFAULT, 'Morey',    'McColley',     'mmccolleyu',      'tecweb', 'CBQKMD57W74X329E', 31, 'Chefchaouene',    '23/11/1954');
insert into persona values (DEFAULT, 'Wiley',    'Vickar',       'wvickarv',        'tecweb', 'ODIKZU13E00G734M', 32, 'Medicine Hat',    '11/08/1978');
insert into persona values (DEFAULT, 'Erwin',    'Mara',         'emaraw',          'tecweb', 'TFRCVQ83E39Z999L', 33, 'Rāwandūz',        '14/08/1997');
insert into persona values (DEFAULT, 'Cristy',   'Phil',         'cphilx',          'tecweb', 'XQJOMU84O38R417O', 34, 'Long Beach',      '28/06/1951');
insert into persona values (DEFAULT, 'Antonius', 'Franke',       'afrankey',        'tecweb', 'IQUAJX39K52Q229Z', 35, 'Ar Ru’ays',       '22/07/1996');
insert into persona values (DEFAULT, 'Worthy',   'Meeny',        'wmeenyz',         'tecweb', 'QNTOWY11C74I873R', 36, 'Sinazongwe',      '01/09/1963');
insert into persona values (DEFAULT, 'Alfonso',  'Mellsop',      'amellsop10',      'tecweb', 'SFEPJB93P26H465V', 37, 'Dzhankoy',        '29/03/1960');
insert into persona values (DEFAULT, 'Danika',   'Schimke',      'dschimke11',      'tecweb', 'HABEKR88T19O046R', 38, 'Trondheim',       '10/09/1973');
insert into persona values (DEFAULT, 'Virgie',   'Golledge',     'vgolledge12',     'tecweb', 'LRIYKZ93T65T215I', 39, 'Mekkaw',          '18/11/1962');
insert into persona values (DEFAULT, 'Leonelle', 'Stickells',    'lstickells13',    'tecweb', 'JZUQOL90O82D975I', 40, 'Nyeri',           '28/07/1994');

-- The last ten are medical, theirs id must be added to medico table on foreign key id_medico
insert into persona values (DEFAULT, 'Ray',      'Herrieven',    'rherrieven14',    'tecweb', 'YISBWL00Y98B090H', 41, 'Kitakyūshū',      '07/11/1953');
insert into persona values (DEFAULT, 'Ban',      'Lantiff',      'blantiff15',      'tecweb', 'EPWTNL70D93W099M', 42, 'Tinalmud',        '03/01/1971');
insert into persona values (DEFAULT, 'Gwenny',   'Menichi',      'gmenichi16',      'tecweb', 'IWTYHQ94D79A579U', 43, 'Majayjay',        '18/04/1978');
insert into persona values (DEFAULT, 'Donni',    'Windram',      'dwindram17',      'tecweb', 'URJIBW27X96N355B', 44, 'Tangxi',          '01/05/1963');
insert into persona values (DEFAULT, 'Lavinia',  'Teffrey',      'lteffrey18',      'tecweb', 'GBHFKO31G98H247E', 45, 'San Agustín',     '23/07/1953');
insert into persona values (DEFAULT, 'Eadmund',  'Steely',       'esteely19',       'tecweb', 'UITCLX67S27A755N', 46, 'Igbo Ora',        '19/10/1962');
insert into persona values (DEFAULT, 'Way',      'Wortt',        'wwortt1a',        'tecweb', 'OQLTIB84R35K196V', 47, 'Motala',          '18/11/1975');
insert into persona values (DEFAULT, 'Erie',     'Krysztowczyk', 'ekrysztowczyk1b', 'tecweb', 'STONBM52I08O505Y', 48, 'As Suqaylibīyah', '22/03/1978');
insert into persona values (DEFAULT, 'Augusto',  'Bent',         'abent1c',         'tecweb', 'JSBUWM76J37T412W', 49, 'Göteborg',        '06/06/1959');
insert into persona values (DEFAULT, 'Mattheus', 'Puddicombe',   'mpuddicombe1d',   'tecweb', 'FQEKNJ96J37E931X', 50, 'Batangtoru',      '26/02/1979');

-- Insert on table DOCUMENTO
-- identity card
insert into documento (id_documento, id_persona, id_tipo) values ('CJ43262OF', 1, '1');
insert into documento (id_documento, id_persona, id_tipo) values ('CV43382DX', 2, '1');
insert into documento (id_documento, id_persona, id_tipo) values ('CA62151KW', 3, '1');
insert into documento (id_documento, id_persona, id_tipo) values ('CA65654NC', 4, '1');
insert into documento (id_documento, id_persona, id_tipo) values ('CZ78473DF', 5, '1');
insert into documento (id_documento, id_persona, id_tipo) values ('CL08653HE', 6, '1');
insert into documento (id_documento, id_persona, id_tipo) values ('CK25028OG', 7, '1');
insert into documento (id_documento, id_persona, id_tipo) values ('CS50570FP', 8, '1');
insert into documento (id_documento, id_persona, id_tipo) values ('CO51625XL', 9, '1');
insert into documento (id_documento, id_persona, id_tipo) values ('CF95442QM', 10, '1');
insert into documento (id_documento, id_persona, id_tipo) values ('CM00445WH', 11, '1');
insert into documento (id_documento, id_persona, id_tipo) values ('CB62265UH', 12, '1');
insert into documento (id_documento, id_persona, id_tipo) values ('CW67735CS', 13, '1');
insert into documento (id_documento, id_persona, id_tipo) values ('CD50228HA', 14, '1');
insert into documento (id_documento, id_persona, id_tipo) values ('CN22711AF', 15, '1');
insert into documento (id_documento, id_persona, id_tipo) values ('CG00948DC', 16, '1');
insert into documento (id_documento, id_persona, id_tipo) values ('CQ76721SH', 17, '1');
insert into documento (id_documento, id_persona, id_tipo) values ('CS94659AF', 18, '1');
insert into documento (id_documento, id_persona, id_tipo) values ('CY66720RZ', 19, '1');
insert into documento (id_documento, id_persona, id_tipo) values ('CF35314WN', 20, '1');
insert into documento (id_documento, id_persona, id_tipo) values ('CQ79755TZ', 21, '1');
insert into documento (id_documento, id_persona, id_tipo) values ('CX30224YU', 22, '1');
insert into documento (id_documento, id_persona, id_tipo) values ('CE10654SX', 23, '1');
insert into documento (id_documento, id_persona, id_tipo) values ('CW63607ZH', 24, '1');
insert into documento (id_documento, id_persona, id_tipo) values ('CW77100ZJ', 25, '1');
insert into documento (id_documento, id_persona, id_tipo) values ('CS05820KS', 26, '1');
insert into documento (id_documento, id_persona, id_tipo) values ('CP22622LF', 27, '1');
insert into documento (id_documento, id_persona, id_tipo) values ('CE76713MP', 28, '1');
insert into documento (id_documento, id_persona, id_tipo) values ('CW75155SY', 29, '1');
insert into documento (id_documento, id_persona, id_tipo) values ('CR25987VR', 30, '1');

-- passport
insert into documento (id_documento, id_persona, id_tipo) values ('YA4632809', 31, '2');
insert into documento (id_documento, id_persona, id_tipo) values ('YA5253972', 32, '2');
insert into documento (id_documento, id_persona, id_tipo) values ('YA4089878', 33, '2');
insert into documento (id_documento, id_persona, id_tipo) values ('YA8863160', 34, '2');
insert into documento (id_documento, id_persona, id_tipo) values ('YA4860706', 35, '2');
insert into documento (id_documento, id_persona, id_tipo) values ('YA0023011', 36, '2');
insert into documento (id_documento, id_persona, id_tipo) values ('YA5127668', 37, '2');
insert into documento (id_documento, id_persona, id_tipo) values ('YA9066397', 38, '2');
insert into documento (id_documento, id_persona, id_tipo) values ('YA2345031', 39, '2');
insert into documento (id_documento, id_persona, id_tipo) values ('YA8899246', 40, '2');

-- patente
insert into documento (id_documento, id_persona, id_tipo) values ('NA6141277Q', 41, '3');
insert into documento (id_documento, id_persona, id_tipo) values ('NA9703662H', 42, '3');
insert into documento (id_documento, id_persona, id_tipo) values ('NA8884998E', 43, '3');
insert into documento (id_documento, id_persona, id_tipo) values ('NA3767619G', 44, '3');
insert into documento (id_documento, id_persona, id_tipo) values ('NA5040689G', 45, '3');
insert into documento (id_documento, id_persona, id_tipo) values ('NA0613995B', 46, '3');
insert into documento (id_documento, id_persona, id_tipo) values ('NA5388682N', 47, '3');
insert into documento (id_documento, id_persona, id_tipo) values ('NA0244813X', 48, '3');
insert into documento (id_documento, id_persona, id_tipo) values ('NA7302149U', 49, '3');
insert into documento (id_documento, id_persona, id_tipo) values ('NA7262305Z', 50, '3');

-- Insert on table NUMERO_CELLULARE
insert into telefono (numero_cellulare, id_persona) values ('6255307213', 1);
insert into telefono (numero_cellulare, id_persona) values ('6145855443', 2);
insert into telefono (numero_cellulare, id_persona) values ('5814928440', 3);
insert into telefono (numero_cellulare, id_persona) values ('7072947176', 4);
insert into telefono (numero_cellulare, id_persona) values ('7232037174', 5);
insert into telefono (numero_cellulare, id_persona) values ('8282551537', 6);
insert into telefono (numero_cellulare, id_persona) values ('7147923290', 7);
insert into telefono (numero_cellulare, id_persona) values ('8961160072', 8);
insert into telefono (numero_cellulare, id_persona) values ('1682339249', 9);
insert into telefono (numero_cellulare, id_persona) values ('4127910131', 10);
insert into telefono (numero_cellulare, id_persona) values ('3576779915', 11);
insert into telefono (numero_cellulare, id_persona) values ('2016854218', 12);
insert into telefono (numero_cellulare, id_persona) values ('9842469249', 13);
insert into telefono (numero_cellulare, id_persona) values ('8472358281', 14);
insert into telefono (numero_cellulare, id_persona) values ('3297138675', 15);
insert into telefono (numero_cellulare, id_persona) values ('2516410627', 16);
insert into telefono (numero_cellulare, id_persona) values ('7018039586', 17);
insert into telefono (numero_cellulare, id_persona) values ('9078303323', 18);
insert into telefono (numero_cellulare, id_persona) values ('3519055681', 19);
insert into telefono (numero_cellulare, id_persona) values ('8249325366', 20);
insert into telefono (numero_cellulare, id_persona) values ('4358140594', 21);
insert into telefono (numero_cellulare, id_persona) values ('9086777096', 22);
insert into telefono (numero_cellulare, id_persona) values ('9507024795', 23);
insert into telefono (numero_cellulare, id_persona) values ('1808481482', 24);
insert into telefono (numero_cellulare, id_persona) values ('7555693386', 25);
insert into telefono (numero_cellulare, id_persona) values ('2889781512', 26);
insert into telefono (numero_cellulare, id_persona) values ('1225822696', 27);
insert into telefono (numero_cellulare, id_persona) values ('3767363494', 28);
insert into telefono (numero_cellulare, id_persona) values ('3824619048', 29);
insert into telefono (numero_cellulare, id_persona) values ('7579689980', 30);
insert into telefono (numero_cellulare, id_persona) values ('6094904510', 31);
insert into telefono (numero_cellulare, id_persona) values ('7994121440', 32);
insert into telefono (numero_cellulare, id_persona) values ('5787724011', 33);
insert into telefono (numero_cellulare, id_persona) values ('5608030029', 34);
insert into telefono (numero_cellulare, id_persona) values ('6106422463', 35);
insert into telefono (numero_cellulare, id_persona) values ('3943755015', 36);
insert into telefono (numero_cellulare, id_persona) values ('8403480185', 37);
insert into telefono (numero_cellulare, id_persona) values ('2093624210', 38);
insert into telefono (numero_cellulare, id_persona) values ('2318915148', 39);
insert into telefono (numero_cellulare, id_persona) values ('6302994364', 40);
insert into telefono (numero_cellulare, id_persona) values ('3124513140', 41);
insert into telefono (numero_cellulare, id_persona) values ('9128367432', 42);
insert into telefono (numero_cellulare, id_persona) values ('9566946040', 43);
insert into telefono (numero_cellulare, id_persona) values ('3185349297', 44);
insert into telefono (numero_cellulare, id_persona) values ('6502075220', 45);
insert into telefono (numero_cellulare, id_persona) values ('4606989597', 46);
insert into telefono (numero_cellulare, id_persona) values ('3894785617', 47);
insert into telefono (numero_cellulare, id_persona) values ('9101333224', 48);
insert into telefono (numero_cellulare, id_persona) values ('3465475436', 49);
insert into telefono (numero_cellulare, id_persona) values ('9249880652', 50);

-- Insert on table EMAIL
insert into email (email, id_persona) values ('spadbery0@goodreads.com', 1);
insert into email (email, id_persona) values ('agiacomuzzo1@state.gov', 2);
insert into email (email, id_persona) values ('gdrakes2@php.net', 3);
insert into email (email, id_persona) values ('rlangdon3@sbwire.com', 4);
insert into email (email, id_persona) values ('pschenfisch4@delicious.com', 5);
insert into email (email, id_persona) values ('mpashler5@cdbaby.com', 6);
insert into email (email, id_persona) values ('repiscopio6@ebay.co.uk', 7);
insert into email (email, id_persona) values ('bmctrustey7@mail.ru', 8);
insert into email (email, id_persona) values ('jjoseland8@360.cn', 9);
insert into email (email, id_persona) values ('dconnor9@timesonline.co.uk', 10);
insert into email (email, id_persona) values ('wstaffa@latimes.com', 11);
insert into email (email, id_persona) values ('vhowsb@accuweather.com', 12);
insert into email (email, id_persona) values ('atantec@domainmarket.com', 13);
insert into email (email, id_persona) values ('ggleasaned@thetimes.co.uk', 14);
insert into email (email, id_persona) values ('nlabatiee@feedburner.com', 15);
insert into email (email, id_persona) values ('dchristouf@un.org', 16);
insert into email (email, id_persona) values ('apudeng@ucoz.ru', 17);
insert into email (email, id_persona) values ('mscopesh@utexas.edu', 18);
insert into email (email, id_persona) values ('tclaringboldi@goodreads.com', 19);
insert into email (email, id_persona) values ('dducarnej@examiner.com', 20);
insert into email (email, id_persona) values ('dgritskovk@accuweather.com', 21);
insert into email (email, id_persona) values ('mpinnigerl@amazon.de', 22);
insert into email (email, id_persona) values ('bgiloglym@paginegialle.it', 23);
insert into email (email, id_persona) values ('ldunsiren@constantcontact.com', 24);
insert into email (email, id_persona) values ('afleckneyo@psu.edu', 25);
insert into email (email, id_persona) values ('vrapep@harvard.edu', 26);
insert into email (email, id_persona) values ('tpoundsfordq@homestead.com', 27);
insert into email (email, id_persona) values ('ktailourr@diigo.com', 28);
insert into email (email, id_persona) values ('lwormans@bandcamp.com', 29);
insert into email (email, id_persona) values ('gloudt@ca.gov', 30);
insert into email (email, id_persona) values ('kwayneu@shop-pro.jp', 31);
insert into email (email, id_persona) values ('wpiscottiv@cnn.com', 32);
insert into email (email, id_persona) values ('phebbornew@nhs.uk', 33);
insert into email (email, id_persona) values ('spennellsx@indiatimes.com', 34);
insert into email (email, id_persona) values ('efortnamy@unesco.org', 35);
insert into email (email, id_persona) values ('gdennittsz@twitpic.com', 36);
insert into email (email, id_persona) values ('bstears10@bluehost.com', 37);
insert into email (email, id_persona) values ('klewnden11@ox.ac.uk', 38);
insert into email (email, id_persona) values ('mwethered12@toplist.cz', 39);
insert into email (email, id_persona) values ('kmarco13@soup.io', 40);
insert into email (email, id_persona) values ('creddihough14@dmoz.org', 41);
insert into email (email, id_persona) values ('gseal15@addtoany.com', 42);
insert into email (email, id_persona) values ('nmacduff16@cnn.com', 43);
insert into email (email, id_persona) values ('mmardoll17@hao123.com', 44);
insert into email (email, id_persona) values ('apeckett18@wikipedia.org', 45);
insert into email (email, id_persona) values ('lingrem19@youku.com', 46);
insert into email (email, id_persona) values ('vlauks1a@amazon.de', 47);
insert into email (email, id_persona) values ('dgyde1b@bing.com', 48);
insert into email (email, id_persona) values ('dbonnar1c@ted.com', 49);
insert into email (email, id_persona) values ('apoytres1d@thetimes.co.uk', 50);

-- Insert on table STUD_LEG
-- DEFAULT is for Serial id_studio
insert into stud_leg (id_studio, id_indirizzo, orario_inizio, orario_fine, da_giorno, a_giorno) values (DEFAULT, 41,'9:00', '17:00', 'lunedi', 'giovedi');
insert into stud_leg (id_studio, id_indirizzo, orario_inizio, orario_fine, da_giorno, a_giorno) values (DEFAULT, 42, '9:30', '17:30', 'martedi', 'giovedi');
insert into stud_leg (id_studio, id_indirizzo, orario_inizio, orario_fine, da_giorno, a_giorno) values (DEFAULT, 43, '9:15', '17:00', 'mercoledi', 'venerdi');
insert into stud_leg (id_studio, id_indirizzo, orario_inizio, orario_fine, da_giorno, a_giorno) values (DEFAULT, 44,'11:00', '17:30', 'mercoledi', 'venerdi');
insert into stud_leg (id_studio, id_indirizzo, orario_inizio, orario_fine, da_giorno, a_giorno) values (DEFAULT, 45,'10:30', '16:30', 'martedi', 'giovedi');
insert into stud_leg (id_studio, id_indirizzo, orario_inizio, orario_fine, da_giorno, a_giorno) values (DEFAULT, 46, '9:45', '18:00', 'martedi', 'giovedi');
insert into stud_leg (id_studio, id_indirizzo, orario_inizio, orario_fine, da_giorno, a_giorno) values (DEFAULT, 47, '11:00', '18:00', 'martedi', 'giovedi');
insert into stud_leg (id_studio, id_indirizzo, orario_inizio, orario_fine, da_giorno, a_giorno) values (DEFAULT, 48,'9:30', '17:00', 'martedi', 'venerdi');
insert into stud_leg (id_studio, id_indirizzo, orario_inizio, orario_fine, da_giorno, a_giorno) values (DEFAULT, 49, '9:00', '18:00', 'lunedi', 'venerdi');
insert into stud_leg (id_studio, id_indirizzo, orario_inizio, orario_fine, da_giorno, a_giorno) values (DEFAULT, 50, '10:00', '17:30', 'martedi', 'giovedi');

-- Insert on table MEDICO
insert into medico (id_medico, id_studio) values (41, 1);
insert into medico (id_medico, id_studio) values (42, 2);
insert into medico (id_medico, id_studio) values (43, 3);
insert into medico (id_medico, id_studio) values (44, 4);
insert into medico (id_medico, id_studio) values (45, 5);
insert into medico (id_medico, id_studio) values (46, 6);
insert into medico (id_medico, id_studio) values (47, 7);
insert into medico (id_medico, id_studio) values (48, 8);
insert into medico (id_medico, id_studio) values (49, 9);
insert into medico (id_medico, id_studio) values (50, 10);

-- Insert on table PAZIENTE
insert into paziente (id_paziente, id_medico) values (1, 41);
insert into paziente (id_paziente, id_medico) values (2, 41);
insert into paziente (id_paziente, id_medico) values (3, 41);
insert into paziente (id_paziente, id_medico) values (4, 41);
insert into paziente (id_paziente, id_medico) values (5, 41);
insert into paziente (id_paziente, id_medico) values (6, 41);
insert into paziente (id_paziente, id_medico) values (7, 41);
insert into paziente (id_paziente, id_medico) values (8, 41);
insert into paziente (id_paziente, id_medico) values (9, 41);
insert into paziente (id_paziente, id_medico) values (10, 41);
insert into paziente (id_paziente, id_medico) values (11, 42);
insert into paziente (id_paziente, id_medico) values (12, 42);
insert into paziente (id_paziente, id_medico) values (13, 42);
insert into paziente (id_paziente, id_medico) values (14, 42);
insert into paziente (id_paziente, id_medico) values (15, 42);
insert into paziente (id_paziente, id_medico) values (16, 43);
insert into paziente (id_paziente, id_medico) values (17, 43);
insert into paziente (id_paziente, id_medico) values (18, 43);
insert into paziente (id_paziente, id_medico) values (19, 43);
insert into paziente (id_paziente, id_medico) values (20, 43);
insert into paziente (id_paziente, id_medico) values (21, 44);
insert into paziente (id_paziente, id_medico) values (22, 44);
insert into paziente (id_paziente, id_medico) values (23, 44);
insert into paziente (id_paziente, id_medico) values (24, 44);
insert into paziente (id_paziente, id_medico) values (25, 44);
insert into paziente (id_paziente, id_medico) values (26, 45);
insert into paziente (id_paziente, id_medico) values (27, 45);
insert into paziente (id_paziente, id_medico) values (28, 45);
insert into paziente (id_paziente, id_medico) values (29, 45);
insert into paziente (id_paziente, id_medico) values (30, 46);
insert into paziente (id_paziente, id_medico) values (31, 46);
insert into paziente (id_paziente, id_medico) values (32, 46);
insert into paziente (id_paziente, id_medico) values (33, 47);
insert into paziente (id_paziente, id_medico) values (34, 47);
insert into paziente (id_paziente, id_medico) values (35, 48);
insert into paziente (id_paziente, id_medico) values (36, 49);
insert into paziente (id_paziente, id_medico) values (37, 50);
insert into paziente (id_paziente, id_medico) values (38, 50);
insert into paziente (id_paziente, id_medico) values (39, 50);
insert into paziente (id_paziente, id_medico) values (40, 50);

-- Insert on table RICETTA

insert into ricetta (id_ricetta, id_paziente, id_medico, campo, data_emissione) values (DEFAULT, 1, 41, 'mauris vulputate elementum nullam varius nulla', '21/01/2018');
insert into ricetta (id_ricetta, id_paziente, id_medico, campo, data_emissione) values (DEFAULT, 2, 41, 'pretium nisl ut volutpat sapien arcu sed augue aliquam erat volutpat in congue etiam justo', '21/01/2018');
insert into ricetta (id_ricetta, id_paziente, id_medico, campo, data_emissione) values (DEFAULT, 3, 41, 'nisl nunc rhoncus dui vel', '28/01/2018');
insert into ricetta (id_ricetta, id_paziente, id_medico, campo, data_emissione) values (DEFAULT, 4, 41, 'odio odio elementum eu interdum eu tincidunt in leo maecenas pulvinar lobortis est phasellus sit amet erat nulla tempus', '22/01/2018');
insert into ricetta (id_ricetta, id_paziente, id_medico, campo, data_emissione) values (DEFAULT, 5, 41, 'purus aliquet at feugiat non pretium', '03/02/2018');
insert into ricetta (id_ricetta, id_paziente, id_medico, campo, data_emissione) values (DEFAULT, 6, 41, 'morbi odio odio elementum eu interdum eu tincidunt in leo', '30/01/2018');
insert into ricetta (id_ricetta, id_paziente, id_medico, campo, data_emissione) values (DEFAULT, 7, 41, 'vel est donec odio justo sollicitudin ut suscipit a feugiat et eros vestibulum ac est lacinia', '29/01/2018');
insert into ricetta (id_ricetta, id_paziente, id_medico, campo, data_emissione) values (DEFAULT, 8, 41, 'faucibus orci luctus et ultrices posuere cubilia curae duis faucibus accumsan odio curabitur convallis duis', '26/01/2018');
insert into ricetta (id_ricetta, id_paziente, id_medico, campo, data_emissione) values (DEFAULT, 9, 41, 'nulla quisque arcu libero rutrum ac lobortis vel dapibus at', '08/01/2018');
insert into ricetta (id_ricetta, id_paziente, id_medico, campo, data_emissione) values (DEFAULT, 10, 41, 'ut suscipit a feugiat et eros vestibulum ac est lacinia nisi venenatis tristique fusce congue diam id', '11/01/2018');
insert into ricetta (id_ricetta, id_paziente, id_medico, campo, data_emissione) values (DEFAULT, 11, 42, 'duis consequat dui nec nisi volutpat eleifend donec ut dolor', '21/01/2018');
insert into ricetta (id_ricetta, id_paziente, id_medico, campo, data_emissione) values (DEFAULT, 12, 42, 'ligula suspendisse ornare consequat lectus in est risus auctor sed', '31/01/2018');
insert into ricetta (id_ricetta, id_paziente, id_medico, campo, data_emissione) values (DEFAULT, 13, 42, 'in faucibus orci luctus et ultrices posuere cubilia curae donec pharetra magna vestibulum aliquet ultrices erat', '20/01/2018');
insert into ricetta (id_ricetta, id_paziente, id_medico, campo, data_emissione) values (DEFAULT, 14, 42, 'quis justo maecenas rhoncus aliquam lacus morbi quis tortor id nulla', '27/01/2018');
insert into ricetta (id_ricetta, id_paziente, id_medico, campo, data_emissione) values (DEFAULT, 15, 42, 'dui vel sem sed sagittis nam congue risus semper porta', '11/01/2018');
insert into ricetta (id_ricetta, id_paziente, id_medico, campo, data_emissione) values (DEFAULT, 16, 43, 'quam nec dui luctus rutrum nulla tellus in sagittis dui vel nisl duis ac nibh fusce lacus purus', '08/01/2018');
insert into ricetta (id_ricetta, id_paziente, id_medico, campo, data_emissione) values (DEFAULT, 17, 43, 'pellentesque viverra pede ac diam cras pellentesque volutpat dui maecenas tristique est et tempus semper est quam pharetra', '20/01/2018');
insert into ricetta (id_ricetta, id_paziente, id_medico, campo, data_emissione) values (DEFAULT, 18, 43, 'erat eros viverra eget congue eget semper rutrum nulla nunc purus phasellus in felis donec semper sapien a libero', '03/02/2018');
insert into ricetta (id_ricetta, id_paziente, id_medico, campo, data_emissione) values (DEFAULT, 19, 43, 'in blandit ultrices enim lorem ipsum dolor', '17/01/2018');
insert into ricetta (id_ricetta, id_paziente, id_medico, campo, data_emissione) values (DEFAULT, 20, 43, 'mi pede malesuada in imperdiet et commodo vulputate justo in blandit ultrices enim lorem', '03/02/2018');
insert into ricetta (id_ricetta, id_paziente, id_medico, campo, data_emissione) values (DEFAULT, 21, 44, 'nibh in quis justo maecenas rhoncus aliquam lacus morbi quis', '02/01/2018');
insert into ricetta (id_ricetta, id_paziente, id_medico, campo, data_emissione) values (DEFAULT, 22, 44, 'primis in faucibus orci luctus et ultrices posuere cubilia', '29/01/2018');
insert into ricetta (id_ricetta, id_paziente, id_medico, campo, data_emissione) values (DEFAULT, 23, 44, 'id luctus nec molestie sed justo pellentesque viverra pede ac diam cras', '12/01/2018');
insert into ricetta (id_ricetta, id_paziente, id_medico, campo, data_emissione) values (DEFAULT, 24, 44, 'eget vulputate ut ultrices vel augue vestibulum ante ipsum primis', '23/01/2018');
insert into ricetta (id_ricetta, id_paziente, id_medico, campo, data_emissione) values (DEFAULT, 25, 44, 'nec sem duis aliquam convallis nunc proin at turpis a pede posuere', '25/01/2018');
insert into ricetta (id_ricetta, id_paziente, id_medico, campo, data_emissione) values (DEFAULT, 26, 45, 'cum sociis natoque penatibus et magnis dis parturient', '02/02/2018');
insert into ricetta (id_ricetta, id_paziente, id_medico, campo, data_emissione) values (DEFAULT, 27, 45, 'vestibulum velit id pretium iaculis diam erat fermentum justo nec', '23/01/2018');
insert into ricetta (id_ricetta, id_paziente, id_medico, campo, data_emissione) values (DEFAULT, 28, 45, 'faucibus orci luctus et ultrices', '11/01/2018');
insert into ricetta (id_ricetta, id_paziente, id_medico, campo, data_emissione) values (DEFAULT, 29, 45, 'interdum mauris ullamcorper purus sit amet nulla quisque arcu libero rutrum', '15/01/2018');
insert into ricetta (id_ricetta, id_paziente, id_medico, campo, data_emissione) values (DEFAULT, 30, 46, 'luctus ultricies eu nibh quisque id justo sit amet sapien dignissim vestibulum vestibulum ante ipsum', '07/01/2018');
insert into ricetta (id_ricetta, id_paziente, id_medico, campo, data_emissione) values (DEFAULT, 31, 46, 'aenean fermentum donec ut mauris eget massa tempor convallis nulla neque libero convallis eget eleifend luctus ultricies eu nibh quisque', '06/02/2018');
insert into ricetta (id_ricetta, id_paziente, id_medico, campo, data_emissione) values (DEFAULT, 32, 46, 'felis ut at dolor quis odio consequat varius integer ac leo pellentesque ultrices mattis odio donec vitae', '04/01/2018');
insert into ricetta (id_ricetta, id_paziente, id_medico, campo, data_emissione) values (DEFAULT, 33, 47, 'orci pede venenatis non sodales sed tincidunt', '01/01/2018');
insert into ricetta (id_ricetta, id_paziente, id_medico, campo, data_emissione) values (DEFAULT, 34, 47, 'amet eros suspendisse accumsan tortor quis turpis sed ante vivamus', '28/01/2018');
insert into ricetta (id_ricetta, id_paziente, id_medico, campo, data_emissione) values (DEFAULT, 35, 48, 'erat nulla tempus vivamus in felis eu sapien cursus vestibulum proin eu mi', '18/01/2018');
insert into ricetta (id_ricetta, id_paziente, id_medico, campo, data_emissione) values (DEFAULT, 36, 49, 'orci luctus et ultrices posuere cubilia', '27/01/2018');
insert into ricetta (id_ricetta, id_paziente, id_medico, campo, data_emissione) values (DEFAULT, 37, 50, 'primis in faucibus orci luctus et ultrices posuere', '06/02/2018');
insert into ricetta (id_ricetta, id_paziente, id_medico, campo, data_emissione) values (DEFAULT, 38, 50, 'eros viverra eget congue eget semper rutrum nulla nunc purus', '18/01/2018');
insert into ricetta (id_ricetta, id_paziente, id_medico, campo, data_emissione) values (DEFAULT, 39, 50, 'suspendisse potenti cras in purus eu magna vulputate luctus cum sociis natoque penatibus et magnis dis parturient montes nascetur', '11/01/2018');
insert into ricetta (id_ricetta, id_paziente, id_medico, campo, data_emissione) values (DEFAULT, 40, 50, 'quisque ut erat curabitur gravida nisi at nibh in hac habitasse platea dictumst aliquam augue quam', '22/01/2018');
