--  Insert on table TIPO_DOC
--  DEFAULT is for Serial id_tipo
insert into tipo_doc values (DEFAULT, 'carta di identita');
insert into tipo_doc values (DEFAULT, 'passaporto');
insert into tipo_doc values (DEFAULT, 'patente');

--  Insert on table INDIRIZZO
--  DEFAULT is for Serial id_indirizzo
insert into indirizzo values (DEFAULT, '80121', 'Via Gaetani 22');
insert into indirizzo values (DEFAULT, '80127', 'Via Cilea 250');
insert into indirizzo values (DEFAULT, '80123', 'Via Alessandro Manzoni 141');
insert into indirizzo values (DEFAULT, '80127', 'Via A. Vaccaro 23');
insert into indirizzo values (DEFAULT, '80122', 'Viale M.C. Savoia 26');
insert into indirizzo values (DEFAULT, '80122', 'Via Francesco Petrarca 151');
insert into indirizzo values (DEFAULT, '80123', 'Via Posillipo 149');
insert into indirizzo values (DEFAULT, '80131', 'Via Nuova San Rocco 95');
insert into indirizzo values (DEFAULT, '80128', 'Via Antonio Pitloo 7');
insert into indirizzo values (DEFAULT, '80129', 'Via Suarez 38');
insert into indirizzo values (DEFAULT, '80122', 'Via Pontano 7');
insert into indirizzo values (DEFAULT, '80127', 'Via Raffaele Morghen 37');
insert into indirizzo values (DEFAULT, '80134', 'Via Toledo 429');
insert into indirizzo values (DEFAULT, '80138', 'Corso Umberto I 7');
insert into indirizzo values (DEFAULT, '80122', 'Corso Vittorio Emanuele 697');
insert into indirizzo values (DEFAULT, '80125', 'Viale Di Augusto 42');
insert into indirizzo values (DEFAULT, '80100', 'Via Giovanni Porzio Isola G1 4');
insert into indirizzo values (DEFAULT, '80135', 'Via Santa Teresa Degli Scalzi 8');
insert into indirizzo values (DEFAULT, '80129', 'Via Solimena 155');
insert into indirizzo values (DEFAULT, '80121', 'Via Chiaia 142');
insert into indirizzo values (DEFAULT, '80133', 'Via Ponte Di Tappia 82');
insert into indirizzo values (DEFAULT, '80132', 'Via S. Lucia 15');
insert into indirizzo values (DEFAULT, '80142', 'Piazza Garibaldi 26');
insert into indirizzo values (DEFAULT, '80129', 'Largo Francesco Celebrano 27');
insert into indirizzo values (DEFAULT, '80126', 'Via Servio Tullio');
insert into indirizzo values (DEFAULT, '80125', 'Via S. Veniero 17');
insert into indirizzo values (DEFAULT, '80129', E'Via D\'Auria 3');
insert into indirizzo values (DEFAULT, '80125', 'Via Giacomo Leopardi 90');
insert into indirizzo values (DEFAULT, '80137', 'Piazza Cavour 152');
insert into indirizzo values (DEFAULT, '80132', 'Via Santa Lucia 173');
insert into indirizzo values (DEFAULT, '80129', E'Piazza Dell\'Immacolata 26');
insert into indirizzo values (DEFAULT, '80129', 'Via Fiore 19');
insert into indirizzo values (DEFAULT, '80128', 'Via S. Giacomo Dei Capri 52');
insert into indirizzo values (DEFAULT, '80131', 'Via Bosco Capodimonte 101');
insert into indirizzo values (DEFAULT, '80131', 'Via Giovanni Miranda 8');
insert into indirizzo values (DEFAULT, '80121', 'Via G. Martucci 72');
insert into indirizzo values (DEFAULT, '80122', 'Viale Antonio Gramsci 20');
insert into indirizzo values (DEFAULT, '80131', 'Via Quagliariello 35');
insert into indirizzo values (DEFAULT, '80129', 'Via Gian Lorenzo Bernini 104');
insert into indirizzo values (DEFAULT, '80122', 'Via Mergellina 23');
insert into indirizzo values (DEFAULT, '80132', 'Via Santa Lucia 110');
insert into indirizzo values (DEFAULT, '80136', 'Via Salvator Rosa 245');
insert into indirizzo values (DEFAULT, '80136', 'Via Battistello Caracciolo 16');
insert into indirizzo values (DEFAULT, '80134', 'Via Cardinale Gugliemo Sanfelice 33');
insert into indirizzo values (DEFAULT, '80131', 'Via De Martino Augusto 7');
insert into indirizzo values (DEFAULT, '80124', E'Viale Cavalleggeri D\'Aosta 7');
insert into indirizzo values (DEFAULT, '80121', 'Via Cuoco 5');
insert into indirizzo values (DEFAULT, '80134', 'Via Toledo 329');
insert into indirizzo values (DEFAULT, '80122', 'Via Michelangelo Schipa 22');
insert into indirizzo values (DEFAULT, '80135', 'Via Broggia 18');
insert into indirizzo values (DEFAULT, '80134', 'Calata Trinita Maggiore 53');
insert into indirizzo values (DEFAULT, '80129', 'Via Torrione S. Martino 51');
insert into indirizzo values (DEFAULT, '80143', 'Corso Novara 40');
insert into indirizzo values (DEFAULT, '80122', 'Via Francesco Giordani 30');
insert into indirizzo values (DEFAULT, '80147', 'Via Provinciale Botteghelle di Portici 534');
insert into indirizzo values (DEFAULT, '80127', 'Via Aniello Falcone 386');
insert into indirizzo values (DEFAULT, '80131', 'Via Bosco Capodimonte 101');
insert into indirizzo values (DEFAULT, '80100', 'Via Salv. Rosa 146');
insert into indirizzo values (DEFAULT, '80127', 'Via Tasso 183');
insert into indirizzo values (DEFAULT, '80100', 'Via Renato Carosone 39');

--  Insert on table PERSONA
--  DEFAULT is for Serial id_persona
insert into persona values (DEFAULT, 'Estelle',  'Ballintime',   'eballintime0',    'pbkdf2:sha256:50000$nf8lT0sy$2a6978276675550a9b29f4edb952a8d34dc8db3d6ce276ba55fb742ecb8628d2', 'ZXVDRH50G03Q083B', 1,  'Ngembo',          '21/08/1992');
insert into persona values (DEFAULT, 'Verna',    'Langforth',    'vlangforth1',     'pbkdf2:sha256:50000$g26mNTHH$dfc1f4277ecd010e0ec5ba7ea6bdacc9945a97e7c8c8abb1a5702c229e3defc7', 'VFJRKG48F53C062E', 2,  'Sintansin',       '15/02/1987');
insert into persona values (DEFAULT, 'Earl',     'Tansill',      'etansill2',       'pbkdf2:sha256:50000$hkmupXss$b9b8644508e19dfe0263f91d3a2560cc73134e4052f69ed2f99e02c48ccebf74', 'RCTMKH30N80T085O', 3,  'Julcamarca',      '20/03/1954');
insert into persona values (DEFAULT, 'Jerrilyn', 'Checketts',    'jchecketts3',     'pbkdf2:sha256:50000$BuErX32h$a00f25324b0064faec4ea88a4ceafece0e465f46ef50dcf0059ffcf504f9c0d4', 'PYAZGH27I98S624X', 4,  'Borgo Maggiore',  '29/08/1991');
insert into persona values (DEFAULT, 'Cinda',    'Kearford',     'ckearford4',      'pbkdf2:sha256:50000$L4J29xfs$c8a884d78506e1bed311ca0ab08d72a916bd02e88dd08d4bb476fcf4fee278c3', 'KQDHSE54X52Y594U', 5,  'Härnösand',       '01/05/1978');
insert into persona values (DEFAULT, 'Ashely',   'Van Haeften',  'avanhaeften5',    'pbkdf2:sha256:50000$rgBJNech$2880f4e6bb915e026d4e396f1d47d77009e90861c4dd4178ef11e11b331a5b82', 'MXSNCO55I77Y025P', 6,  'Zselickislak',    '25/07/1996');
insert into persona values (DEFAULT, 'Piper',    'Bullivent',    'pbullivent6',     'pbkdf2:sha256:50000$qlKUpHe8$bbeb391765c8392c2ee1629ca80dfb247c8cb4067ea484b36c46d28ce6de613d', 'ZVUKAY72J31Y534N', 7,  'Rossosh’',        '03/09/1994');
insert into persona values (DEFAULT, 'Merna',    'Dorber',       'mdorber7',        'pbkdf2:sha256:50000$qW1ynPAU$a95af7dd468b775d3746952cb68e518fc9bc79a579448c46005ba0028cf1828b', 'SXQOWC26T27C805M', 8,  'Dongyuan',        '22/11/1973');
insert into persona values (DEFAULT, 'Sheffy',   'Zanetti',      'szanetti8',       'pbkdf2:sha256:50000$KSD43G0u$dad7cd5296cd3baadd9a0227a8fb89893ecab37607848ca81193e44f0479207a', 'TZAVWM91R87L472Q', 9,  'Łąck',            '09/10/1960');
insert into persona values (DEFAULT, 'Chickie',  'Flounders',    'cflounders9',     'pbkdf2:sha256:50000$esKrsneZ$510a877dee73315c6aee5a74640b282b278061c8dfeed930646c781d8008948f', 'INWRAQ02T39Q546W', 10, 'Changchi',        '06/11/1965');
insert into persona values (DEFAULT, 'Lora',     'Quiddinton',   'lquiddintona',    'pbkdf2:sha256:50000$yjFMb1mn$2efea16cf681b5c394174f031683eea4aea2d4dfed56fe33299e2ea38d02086c', 'FHILPZ80P08S497T', 11, 'Tashtagol',       '06/11/1955');
insert into persona values (DEFAULT, 'Benedikt', 'Rivilis',      'brivilisb',       'pbkdf2:sha256:50000$ZHQAphJ4$7f33f5cddf5e3235cd32f706380b4f5c435092096d3e3134e33df21e9426c543', 'FJKPGO17K63A671X', 12, 'Gävle',           '16/12/1996');
insert into persona values (DEFAULT, 'Emmalyn',  'Jantel',       'ejantelc',        'pbkdf2:sha256:50000$15QWA6xN$585712bc7d14db888ee4ef514bc2dce407089e0982e843144f159d8abba5c01c', 'YFNKLI30T15W331L', 13, 'Zhvanets',        '02/07/1963');
insert into persona values (DEFAULT, 'Joellyn',  'Caldaro',      'jcaldarod',       'pbkdf2:sha256:50000$11B8CJwk$dd6454e649304c7ba3d4227b3124d3e1aab796bb0c06bf5ea3ecf8c8b2c41bef', 'GPEAIM50P04L102M', 14, 'Dulian',          '22/12/1998');
insert into persona values (DEFAULT, 'Jabez',    'Hovy',         'jhovye',          'pbkdf2:sha256:50000$A1tvQrQu$da313acf63c8c5ce74c119e7b6c1a522a273655a080d0c1ebbbd27be4a0dc531', 'NICLRO57T31X853J', 15, 'Muzhijie',        '30/03/1978');
insert into persona values (DEFAULT, 'Shelagh',  'Payley',       'spayleyf',        'pbkdf2:sha256:50000$mJWh44T9$e36e8ba881106924746ccfa20d89ca3f949a88846fd6cc8564bf57c654aa0e38', 'MPINAR88J74C464A', 16, 'Luoyang',         '17/07/1963');
insert into persona values (DEFAULT, 'Allyn',    'Dunnet',       'adunnetg',        'pbkdf2:sha256:50000$X1Gn3tIH$e9b587de29ea52fb35eb30e681f655b2e8237be3404a4d0ecfeda1ae0ec1a1cd', 'SRUJBC25P72A954T', 17, 'Sefrou',          '01/11/1965');
insert into persona values (DEFAULT, 'Martainn', 'McMearty',     'mmcmeartyh',      'pbkdf2:sha256:50000$YHcv3YDf$30393dc2de0c5541a85e46835139f9d7ff32cd0a611be25ccb8e7927bafb9c80', 'YRIUQL81O89N542W', 18, 'Malakand',        '09/10/1972');
insert into persona values (DEFAULT, 'Sorcha',   'Skellon',      'sskelloni',       'pbkdf2:sha256:50000$XFBwmaed$56189c697371676d6ce18f598ee6e8acf3361a5ca7c9c3e78f93a64536c8c6fd', 'EAIBKO15D97X162S', 19, 'Livádion',        '29/06/1978');
insert into persona values (DEFAULT, 'Egan',     'Hansmann',     'ehansmannj',      'pbkdf2:sha256:50000$WdS7N76v$8bd620939f089e4d7ad1df5cb34d5c5448b33902ea8ac212b54f0be2921694e9', 'WYZJEV14W79P978O', 20, 'Haduohe',         '11/11/1984');
insert into persona values (DEFAULT, 'Vera',     'Volett',       'vvolettk',        'pbkdf2:sha256:50000$topiMJ8m$c4fae90ab42b8630e8114b66d6144389b347373d9aa58051bbaf6d30067ba5a2', 'RVEUFC50S12A446S', 21, 'Lokea',           '27/07/1968');
insert into persona values (DEFAULT, 'Hadria',   'Weetch',       'hweetchl',        'pbkdf2:sha256:50000$SgC9gILb$fca75fbcf1a9c5b8c5c118aeed4d1c57e2c8a25c027a595a9382a161fc47f393', 'TYSADJ96S91B360M', 22, 'Zbąszynek',       '29/11/1954');
insert into persona values (DEFAULT, 'Neville',  'Jacklings',    'njacklingsm',     'pbkdf2:sha256:50000$eR8ZwQBZ$a209242a9eeccf8ce9fcf5f1f9bb2272d65e5287618b86fbf5f165ae25b4626f', 'DUIJHY72L41Y289Q', 23, 'Chengjiao',       '20/01/1972');
insert into persona values (DEFAULT, 'Marjorie', 'Filliskirk',   'mfilliskirkn',    'pbkdf2:sha256:50000$gRYeVmcD$465186e0682123da8185539d6a1dca546dbcad3c22cd327622fc838e4fb3326e', 'YPKTUZ37G67G518P', 24, 'Xiadahe',         '11/11/1995');
insert into persona values (DEFAULT, 'Skipper',  'Flips',        'sflipso',         'pbkdf2:sha256:50000$S0PFUAP3$8357ff45128fdb88b933db30f0453b4bcd698ff9562378ccf7bd5808266d6922', 'RFLIVS34Y24Q150L', 25, 'Berëzovyy',       '02/05/1980');
insert into persona values (DEFAULT, 'Jozef',    'Trimmill',     'jtrimmillp',      'pbkdf2:sha256:50000$HlyriI33$c6df754d3b5cd1aefa8e97025b89e1bcfb0257a4b7b88832631c3d31464a4e48', 'YCEPHT93Z54F292W', 26, 'Shuangkou',       '16/01/1988');
insert into persona values (DEFAULT, 'Charlton', 'Lill',         'clillq',          'pbkdf2:sha256:50000$uYbNBTGR$d689eb0315ae8146ccdf9d7b515b432d1114cfe47c36dacb0feed43fe7ab0a86', 'IGERWH50D04A258O', 27, 'Padilla',         '23/09/1991');
insert into persona values (DEFAULT, 'Land',     'Gresch',       'lgreschr',        'pbkdf2:sha256:50000$XYfsa4Yl$0ac5cf2f60df00e66e4b6a91890a35afe5a9873fa489f47533eb444acb795788', 'NWCMGD99O61Y478G', 28, 'Sanjinquan',      '02/12/1950');
insert into persona values (DEFAULT, 'Dallis',   'Lomas',        'dlomass',         'pbkdf2:sha256:50000$fTfzOktF$8c0940588a6aac8837454376a76877a51e54e4581376aeec7717505e1be8b60b', 'MDYRAL60Y83K340M', 29, 'Samamiya',        '30/07/1994');
insert into persona values (DEFAULT, 'Domingo',  'Betchley',     'dbetchleyt',      'pbkdf2:sha256:50000$GNgnJehK$dec51a476b769fd901eaedde69924f916a52bc81ab4f32ead077e442d19c4481', 'MRWKBS71F17I176C', 30, 'Killumney',       '12/09/1995');
insert into persona values (DEFAULT, 'Morey',    'McColley',     'mmccolleyu',      'pbkdf2:sha256:50000$bCrTuGXO$ca4a7213c28a5ead8168877feee41584b4c9059e8039777cb5a15f85d0d852bd', 'CBQKMD57W74X329E', 31, 'Chefchaouene',    '23/11/1954');
insert into persona values (DEFAULT, 'Wiley',    'Vickar',       'wvickarv',        'pbkdf2:sha256:50000$ouLyi2Jx$bb747884b246da76846c794ccde92221a207d27b05fe4c97c2b358515c2d09ad', 'ODIKZU13E00G734M', 32, 'Medicine Hat',    '11/08/1978');
insert into persona values (DEFAULT, 'Erwin',    'Mara',         'emaraw',          'pbkdf2:sha256:50000$VbvN8Osv$17be5bb5eec4f0a59c8a4b8712f5ffdf71efedc8313a400cfcab587eba6854e9', 'TFRCVQ83E39Z999L', 33, 'Rāwandūz',        '14/08/1997');
insert into persona values (DEFAULT, 'Cristy',   'Phil',         'cphilx',          'pbkdf2:sha256:50000$qNwCuN0Y$f4519b08df03f652ab6535632f4cf35deb53af862d998e18195419c910bb52fb', 'XQJOMU84O38R417O', 34, 'Long Beach',      '28/06/1951');
insert into persona values (DEFAULT, 'Antonius', 'Franke',       'afrankey',        'pbkdf2:sha256:50000$QWfhko29$029afa1f9a883e43c98e8ae0e175855dedbcf197f7dffaa06fcf87f53d0045e8', 'IQUAJX39K52Q229Z', 35, 'Ar Ru’ays',       '22/07/1996');
insert into persona values (DEFAULT, 'Worthy',   'Meeny',        'wmeenyz',         'pbkdf2:sha256:50000$55MqikBQ$eeba71fb1242b554b18b23bdbfe7d2645c64e0a0f93d2ec03726321d002ffdd8', 'QNTOWY11C74I873R', 36, 'Sinazongwe',      '01/09/1963');
insert into persona values (DEFAULT, 'Alfonso',  'Mellsop',      'amellsop10',      'pbkdf2:sha256:50000$nkQGu7ff$067e77a4cedff900c86ba6a9dd58a38e20926a1120f16428eef56f890b474fa4', 'SFEPJB93P26H465V', 37, 'Dzhankoy',        '29/03/1960');
insert into persona values (DEFAULT, 'Danika',   'Schimke',      'dschimke11',      'pbkdf2:sha256:50000$pBZJfgsQ$8ed80fadf3d2d99f2c4cc4353b11127d08c4c1a3691e9447f22d68ebac8382d7', 'HABEKR88T19O046R', 38, 'Trondheim',       '10/09/1973');
insert into persona values (DEFAULT, 'Virgie',   'Golledge',     'vgolledge12',     'pbkdf2:sha256:50000$iyiPCVwT$c4729ca7f477963f528e88f1911ff292766ca313661c157dae4c6214f4ccd6ad', 'LRIYKZ93T65T215I', 39, 'Mekkaw',          '18/11/1962');
insert into persona values (DEFAULT, 'Leonelle', 'Stickells',    'lstickells13',    'pbkdf2:sha256:50000$8lLn75ij$d5a328685094e28508d5f099b1e1e03ee3c8139a50495b277f320f434282dae1', 'JZUQOL90O82D975I', 40, 'Nyeri',           '28/07/1994');

-- The last ten are medical, theirs id must be added to medico table on foreign key id_medico
insert into persona values (DEFAULT, 'Ray',      'Herrieven',    'rherrieven14',    'pbkdf2:sha256:50000$jvl3h9l6$040ba12a20c48a32ea1e91d60b8c3174430b2a60e3296c93893992209aec8b26', 'YISBWL00Y98B090H', 41, 'Kitakyūshū',      '07/11/1953');
insert into persona values (DEFAULT, 'Ban',      'Lantiff',      'blantiff15',      'pbkdf2:sha256:50000$3zwmACDm$3ccd5234df4abcc8fee7c324b24d92ac956ad3c846411c00e868a1fe420d16a1', 'EPWTNL70D93W099M', 42, 'Tinalmud',        '03/01/1971');
insert into persona values (DEFAULT, 'Gwenny',   'Menichi',      'gmenichi16',      'pbkdf2:sha256:50000$BYntwMFw$1adaf1469e2a7c92497e4e3772786e866b90bcdc6a0caa57e721e92554daa24f', 'IWTYHQ94D79A579U', 43, 'Majayjay',        '18/04/1978');
insert into persona values (DEFAULT, 'Donni',    'Windram',      'dwindram17',      'pbkdf2:sha256:50000$b9w29Yhg$4b66876a80bf2b1950298df433452ab55399916eb531a79c7cf637cd8783fd25', 'URJIBW27X96N355B', 44, 'Tangxi',          '01/05/1963');
insert into persona values (DEFAULT, 'Lavinia',  'Teffrey',      'lteffrey18',      'pbkdf2:sha256:50000$OGs259PL$22704f41b2254bfbe10508b9ae0c7517bcbab5569bd9f6915e7cb1a4b2efa1cc', 'GBHFKO31G98H247E', 45, 'San Agustín',     '23/07/1953');
insert into persona values (DEFAULT, 'Eadmund',  'Steely',       'esteely19',       'pbkdf2:sha256:50000$xCm36UG7$251dc920461b2b10e8de5cd20c61a2e349cec2a3d841d6bf2cba50ed7fb6b5cf', 'UITCLX67S27A755N', 46, 'Igbo Ora',        '19/10/1962');
insert into persona values (DEFAULT, 'Way',      'Wortt',        'wwortt1a',        'pbkdf2:sha256:50000$K01zrLqK$a855ba49cd8ab6744867b1ebee4afba921698a5600db22aef1d589e09692b92a', 'OQLTIB84R35K196V', 47, 'Motala',          '18/11/1975');
insert into persona values (DEFAULT, 'Erie',     'Krysztowczyk', 'ekrysztowczyk1b', 'pbkdf2:sha256:50000$WHn6qrxj$2ec0732511fe8c7d56fa1d2d4aad0869f76d4e3ee2d33b8fa7a312bf1aa3cdb6', 'STONBM52I08O505Y', 48, 'As Suqaylibīyah', '22/03/1978');
insert into persona values (DEFAULT, 'Augusto',  'Bent',         'abent1c',         'pbkdf2:sha256:50000$AlNOlAFw$be6068738e93086752edcf59cf9ddd9e5f96cbc719c59900681a18f2720a829e', 'JSBUWM76J37T412W', 49, 'Göteborg',        '06/06/1959');
insert into persona values (DEFAULT, 'Mattheus', 'Puddicombe',   'mpuddicombe1d',   'pbkdf2:sha256:50000$Vzfh15uB$4b8866446cd465a66e3fe79e61ff6b832815deae6b4363a900b0b753fa71c241', 'FQEKNJ96J37E931X', 50, 'Batangtoru',      '26/02/1979');

-- Insert on table DOCUMENTO
-- identity card
insert into documento (id_documento, id_persona, id_tipo) values ('CJ43262OF', 1, '1');
insert into documento (id_documento, id_persona, id_tipo) values ('CV43382DX', 2, '1');
insert into documento (id_documento, id_persona, id_tipo) values ('CA62151KW', 3, '1');
insert into documento (id_documento, id_persona, id_tipo) values ('CA65654NC', 4, '1');
insert into documento (id_documento, id_persona, id_tipo) values ('CZ78473DF', 5, '1');
insert into documento (id_documento, id_persona, id_tipo) values ('CL08653HE', 6, '1');
insert into documento (id_documento, id_persona, id_tipo) values ('CK25028OG', 7, '1');
insert into documento (id_documento, id_persona, id_tipo) values ('CS50570FP', 8, '1');
insert into documento (id_documento, id_persona, id_tipo) values ('CO51625XL', 9, '1');
insert into documento (id_documento, id_persona, id_tipo) values ('CF95442QM', 10, '1');
insert into documento (id_documento, id_persona, id_tipo) values ('CM00445WH', 11, '1');
insert into documento (id_documento, id_persona, id_tipo) values ('CB62265UH', 12, '1');
insert into documento (id_documento, id_persona, id_tipo) values ('CW67735CS', 13, '1');
insert into documento (id_documento, id_persona, id_tipo) values ('CD50228HA', 14, '1');
insert into documento (id_documento, id_persona, id_tipo) values ('CN22711AF', 15, '1');
insert into documento (id_documento, id_persona, id_tipo) values ('CG00948DC', 16, '1');
insert into documento (id_documento, id_persona, id_tipo) values ('CQ76721SH', 17, '1');
insert into documento (id_documento, id_persona, id_tipo) values ('CS94659AF', 18, '1');
insert into documento (id_documento, id_persona, id_tipo) values ('CY66720RZ', 19, '1');
insert into documento (id_documento, id_persona, id_tipo) values ('CF35314WN', 20, '1');
insert into documento (id_documento, id_persona, id_tipo) values ('CQ79755TZ', 21, '1');
insert into documento (id_documento, id_persona, id_tipo) values ('CX30224YU', 22, '1');
insert into documento (id_documento, id_persona, id_tipo) values ('CE10654SX', 23, '1');
insert into documento (id_documento, id_persona, id_tipo) values ('CW63607ZH', 24, '1');
insert into documento (id_documento, id_persona, id_tipo) values ('CW77100ZJ', 25, '1');
insert into documento (id_documento, id_persona, id_tipo) values ('CS05820KS', 26, '1');
insert into documento (id_documento, id_persona, id_tipo) values ('CP22622LF', 27, '1');
insert into documento (id_documento, id_persona, id_tipo) values ('CE76713MP', 28, '1');
insert into documento (id_documento, id_persona, id_tipo) values ('CW75155SY', 29, '1');
insert into documento (id_documento, id_persona, id_tipo) values ('CR25987VR', 30, '1');

-- passport
insert into documento (id_documento, id_persona, id_tipo) values ('YA4632809', 31, '2');
insert into documento (id_documento, id_persona, id_tipo) values ('YA5253972', 32, '2');
insert into documento (id_documento, id_persona, id_tipo) values ('YA4089878', 33, '2');
insert into documento (id_documento, id_persona, id_tipo) values ('YA8863160', 34, '2');
insert into documento (id_documento, id_persona, id_tipo) values ('YA4860706', 35, '2');
insert into documento (id_documento, id_persona, id_tipo) values ('YA0023011', 36, '2');
insert into documento (id_documento, id_persona, id_tipo) values ('YA5127668', 37, '2');
insert into documento (id_documento, id_persona, id_tipo) values ('YA9066397', 38, '2');
insert into documento (id_documento, id_persona, id_tipo) values ('YA2345031', 39, '2');
insert into documento (id_documento, id_persona, id_tipo) values ('YA8899246', 40, '2');

-- patente
insert into documento (id_documento, id_persona, id_tipo) values ('NA6141277Q', 41, '3');
insert into documento (id_documento, id_persona, id_tipo) values ('NA9703662H', 42, '3');
insert into documento (id_documento, id_persona, id_tipo) values ('NA8884998E', 43, '3');
insert into documento (id_documento, id_persona, id_tipo) values ('NA3767619G', 44, '3');
insert into documento (id_documento, id_persona, id_tipo) values ('NA5040689G', 45, '3');
insert into documento (id_documento, id_persona, id_tipo) values ('NA0613995B', 46, '3');
insert into documento (id_documento, id_persona, id_tipo) values ('NA5388682N', 47, '3');
insert into documento (id_documento, id_persona, id_tipo) values ('NA0244813X', 48, '3');
insert into documento (id_documento, id_persona, id_tipo) values ('NA7302149U', 49, '3');
insert into documento (id_documento, id_persona, id_tipo) values ('NA7262305Z', 50, '3');

-- Insert on table NUMERO_CELLULARE
insert into telefono (numero_cellulare, id_persona) values ('6255307213', 1);
insert into telefono (numero_cellulare, id_persona) values ('6145855443', 2);
insert into telefono (numero_cellulare, id_persona) values ('5814928440', 3);
insert into telefono (numero_cellulare, id_persona) values ('7072947176', 4);
insert into telefono (numero_cellulare, id_persona) values ('7232037174', 5);
insert into telefono (numero_cellulare, id_persona) values ('8282551537', 6);
insert into telefono (numero_cellulare, id_persona) values ('7147923290', 7);
insert into telefono (numero_cellulare, id_persona) values ('8961160072', 8);
insert into telefono (numero_cellulare, id_persona) values ('1682339249', 9);
insert into telefono (numero_cellulare, id_persona) values ('4127910131', 10);
insert into telefono (numero_cellulare, id_persona) values ('3576779915', 11);
insert into telefono (numero_cellulare, id_persona) values ('2016854218', 12);
insert into telefono (numero_cellulare, id_persona) values ('9842469249', 13);
insert into telefono (numero_cellulare, id_persona) values ('8472358281', 14);
insert into telefono (numero_cellulare, id_persona) values ('3297138675', 15);
insert into telefono (numero_cellulare, id_persona) values ('2516410627', 16);
insert into telefono (numero_cellulare, id_persona) values ('7018039586', 17);
insert into telefono (numero_cellulare, id_persona) values ('9078303323', 18);
insert into telefono (numero_cellulare, id_persona) values ('3519055681', 19);
insert into telefono (numero_cellulare, id_persona) values ('8249325366', 20);
insert into telefono (numero_cellulare, id_persona) values ('4358140594', 21);
insert into telefono (numero_cellulare, id_persona) values ('9086777096', 22);
insert into telefono (numero_cellulare, id_persona) values ('9507024795', 23);
insert into telefono (numero_cellulare, id_persona) values ('1808481482', 24);
insert into telefono (numero_cellulare, id_persona) values ('7555693386', 25);
insert into telefono (numero_cellulare, id_persona) values ('2889781512', 26);
insert into telefono (numero_cellulare, id_persona) values ('1225822696', 27);
insert into telefono (numero_cellulare, id_persona) values ('3767363494', 28);
insert into telefono (numero_cellulare, id_persona) values ('3824619048', 29);
insert into telefono (numero_cellulare, id_persona) values ('7579689980', 30);
insert into telefono (numero_cellulare, id_persona) values ('6094904510', 31);
insert into telefono (numero_cellulare, id_persona) values ('7994121440', 32);
insert into telefono (numero_cellulare, id_persona) values ('5787724011', 33);
insert into telefono (numero_cellulare, id_persona) values ('5608030029', 34);
insert into telefono (numero_cellulare, id_persona) values ('6106422463', 35);
insert into telefono (numero_cellulare, id_persona) values ('3943755015', 36);
insert into telefono (numero_cellulare, id_persona) values ('8403480185', 37);
insert into telefono (numero_cellulare, id_persona) values ('2093624210', 38);
insert into telefono (numero_cellulare, id_persona) values ('2318915148', 39);
insert into telefono (numero_cellulare, id_persona) values ('6302994364', 40);
insert into telefono (numero_cellulare, id_persona) values ('3124513140', 41);
insert into telefono (numero_cellulare, id_persona) values ('9128367432', 42);
insert into telefono (numero_cellulare, id_persona) values ('9566946040', 43);
insert into telefono (numero_cellulare, id_persona) values ('3185349297', 44);
insert into telefono (numero_cellulare, id_persona) values ('6502075220', 45);
insert into telefono (numero_cellulare, id_persona) values ('4606989597', 46);
insert into telefono (numero_cellulare, id_persona) values ('3894785617', 47);
insert into telefono (numero_cellulare, id_persona) values ('9101333224', 48);
insert into telefono (numero_cellulare, id_persona) values ('3465475436', 49);
insert into telefono (numero_cellulare, id_persona) values ('9249880652', 50);

-- Insert on table EMAIL
insert into email (email, id_persona) values ('spadbery0@goodreads.com', 1);
insert into email (email, id_persona) values ('agiacomuzzo1@state.gov', 2);
insert into email (email, id_persona) values ('gdrakes2@php.net', 3);
insert into email (email, id_persona) values ('rlangdon3@sbwire.com', 4);
insert into email (email, id_persona) values ('pschenfisch4@delicious.com', 5);
insert into email (email, id_persona) values ('mpashler5@cdbaby.com', 6);
insert into email (email, id_persona) values ('repiscopio6@ebay.co.uk', 7);
insert into email (email, id_persona) values ('bmctrustey7@mail.ru', 8);
insert into email (email, id_persona) values ('jjoseland8@360.cn', 9);
insert into email (email, id_persona) values ('dconnor9@timesonline.co.uk', 10);
insert into email (email, id_persona) values ('wstaffa@latimes.com', 11);
insert into email (email, id_persona) values ('vhowsb@accuweather.com', 12);
insert into email (email, id_persona) values ('atantec@domainmarket.com', 13);
insert into email (email, id_persona) values ('ggleasaned@thetimes.co.uk', 14);
insert into email (email, id_persona) values ('nlabatiee@feedburner.com', 15);
insert into email (email, id_persona) values ('dchristouf@un.org', 16);
insert into email (email, id_persona) values ('apudeng@ucoz.ru', 17);
insert into email (email, id_persona) values ('mscopesh@utexas.edu', 18);
insert into email (email, id_persona) values ('tclaringboldi@goodreads.com', 19);
insert into email (email, id_persona) values ('dducarnej@examiner.com', 20);
insert into email (email, id_persona) values ('dgritskovk@accuweather.com', 21);
insert into email (email, id_persona) values ('mpinnigerl@amazon.de', 22);
insert into email (email, id_persona) values ('bgiloglym@paginegialle.it', 23);
insert into email (email, id_persona) values ('ldunsiren@constantcontact.com', 24);
insert into email (email, id_persona) values ('afleckneyo@psu.edu', 25);
insert into email (email, id_persona) values ('vrapep@harvard.edu', 26);
insert into email (email, id_persona) values ('tpoundsfordq@homestead.com', 27);
insert into email (email, id_persona) values ('ktailourr@diigo.com', 28);
insert into email (email, id_persona) values ('lwormans@bandcamp.com', 29);
insert into email (email, id_persona) values ('gloudt@ca.gov', 30);
insert into email (email, id_persona) values ('kwayneu@shop-pro.jp', 31);
insert into email (email, id_persona) values ('wpiscottiv@cnn.com', 32);
insert into email (email, id_persona) values ('phebbornew@nhs.uk', 33);
insert into email (email, id_persona) values ('spennellsx@indiatimes.com', 34);
insert into email (email, id_persona) values ('efortnamy@unesco.org', 35);
insert into email (email, id_persona) values ('gdennittsz@twitpic.com', 36);
insert into email (email, id_persona) values ('bstears10@bluehost.com', 37);
insert into email (email, id_persona) values ('klewnden11@ox.ac.uk', 38);
insert into email (email, id_persona) values ('mwethered12@toplist.cz', 39);
insert into email (email, id_persona) values ('kmarco13@soup.io', 40);
insert into email (email, id_persona) values ('creddihough14@dmoz.org', 41);
insert into email (email, id_persona) values ('gseal15@addtoany.com', 42);
insert into email (email, id_persona) values ('nmacduff16@cnn.com', 43);
insert into email (email, id_persona) values ('mmardoll17@hao123.com', 44);
insert into email (email, id_persona) values ('apeckett18@wikipedia.org', 45);
insert into email (email, id_persona) values ('lingrem19@youku.com', 46);
insert into email (email, id_persona) values ('vlauks1a@amazon.de', 47);
insert into email (email, id_persona) values ('dgyde1b@bing.com', 48);
insert into email (email, id_persona) values ('dbonnar1c@ted.com', 49);
insert into email (email, id_persona) values ('apoytres1d@thetimes.co.uk', 50);

-- Insert on table STUD_LEG
-- DEFAULT is for Serial id_studio
insert into stud_leg (id_studio, id_indirizzo, orario_inizio, orario_fine, da_giorno, a_giorno) values (DEFAULT, 51,'9:00', '17:00', 'lunedi', 'giovedi');
insert into stud_leg (id_studio, id_indirizzo, orario_inizio, orario_fine, da_giorno, a_giorno) values (DEFAULT, 52, '9:30', '17:30', 'martedi', 'giovedi');
insert into stud_leg (id_studio, id_indirizzo, orario_inizio, orario_fine, da_giorno, a_giorno) values (DEFAULT, 53, '9:15', '17:00', 'mercoledi', 'venerdi');
insert into stud_leg (id_studio, id_indirizzo, orario_inizio, orario_fine, da_giorno, a_giorno) values (DEFAULT, 54,'11:00', '17:30', 'mercoledi', 'venerdi');
insert into stud_leg (id_studio, id_indirizzo, orario_inizio, orario_fine, da_giorno, a_giorno) values (DEFAULT, 55,'10:30', '16:30', 'martedi', 'giovedi');
insert into stud_leg (id_studio, id_indirizzo, orario_inizio, orario_fine, da_giorno, a_giorno) values (DEFAULT, 56, '9:45', '18:00', 'martedi', 'giovedi');
insert into stud_leg (id_studio, id_indirizzo, orario_inizio, orario_fine, da_giorno, a_giorno) values (DEFAULT, 57, '11:00', '18:00', 'martedi', 'giovedi');
insert into stud_leg (id_studio, id_indirizzo, orario_inizio, orario_fine, da_giorno, a_giorno) values (DEFAULT, 58,'9:30', '17:00', 'martedi', 'venerdi');
insert into stud_leg (id_studio, id_indirizzo, orario_inizio, orario_fine, da_giorno, a_giorno) values (DEFAULT, 59, '9:00', '18:00', 'lunedi', 'venerdi');
insert into stud_leg (id_studio, id_indirizzo, orario_inizio, orario_fine, da_giorno, a_giorno) values (DEFAULT, 60, '10:00', '17:30', 'martedi', 'giovedi');

-- Insert on table MEDICO
insert into medico (id_medico, id_studio) values (41, 1);
insert into medico (id_medico, id_studio) values (42, 2);
insert into medico (id_medico, id_studio) values (43, 3);
insert into medico (id_medico, id_studio) values (44, 4);
insert into medico (id_medico, id_studio) values (45, 5);
insert into medico (id_medico, id_studio) values (46, 6);
insert into medico (id_medico, id_studio) values (47, 7);
insert into medico (id_medico, id_studio) values (48, 8);
insert into medico (id_medico, id_studio) values (49, 9);
insert into medico (id_medico, id_studio) values (50, 10);

-- Insert on table PAZIENTE
insert into paziente (id_paziente, id_medico) values (1, 41);
insert into paziente (id_paziente, id_medico) values (2, 41);
insert into paziente (id_paziente, id_medico) values (3, 41);
insert into paziente (id_paziente, id_medico) values (4, 41);
insert into paziente (id_paziente, id_medico) values (5, 41);
insert into paziente (id_paziente, id_medico) values (6, 41);
insert into paziente (id_paziente, id_medico) values (7, 41);
insert into paziente (id_paziente, id_medico) values (8, 41);
insert into paziente (id_paziente, id_medico) values (9, 41);
insert into paziente (id_paziente, id_medico) values (10, 41);
insert into paziente (id_paziente, id_medico) values (11, 42);
insert into paziente (id_paziente, id_medico) values (12, 42);
insert into paziente (id_paziente, id_medico) values (13, 42);
insert into paziente (id_paziente, id_medico) values (14, 42);
insert into paziente (id_paziente, id_medico) values (15, 42);
insert into paziente (id_paziente, id_medico) values (16, 43);
insert into paziente (id_paziente, id_medico) values (17, 43);
insert into paziente (id_paziente, id_medico) values (18, 43);
insert into paziente (id_paziente, id_medico) values (19, 43);
insert into paziente (id_paziente, id_medico) values (20, 43);
insert into paziente (id_paziente, id_medico) values (21, 44);
insert into paziente (id_paziente, id_medico) values (22, 44);
insert into paziente (id_paziente, id_medico) values (23, 44);
insert into paziente (id_paziente, id_medico) values (24, 44);
insert into paziente (id_paziente, id_medico) values (25, 44);
insert into paziente (id_paziente, id_medico) values (26, 45);
insert into paziente (id_paziente, id_medico) values (27, 45);
insert into paziente (id_paziente, id_medico) values (28, 45);
insert into paziente (id_paziente, id_medico) values (29, 45);
insert into paziente (id_paziente, id_medico) values (30, 46);
insert into paziente (id_paziente, id_medico) values (31, 46);
insert into paziente (id_paziente, id_medico) values (32, 46);
insert into paziente (id_paziente, id_medico) values (33, 47);
insert into paziente (id_paziente, id_medico) values (34, 47);
insert into paziente (id_paziente, id_medico) values (35, 48);
insert into paziente (id_paziente, id_medico) values (36, 49);
insert into paziente (id_paziente, id_medico) values (37, 50);
insert into paziente (id_paziente, id_medico) values (38, 50);
insert into paziente (id_paziente, id_medico) values (39, 50);
insert into paziente (id_paziente, id_medico) values (40, 50);

-- Insert on table RICETTA

insert into ricetta (id_ricetta, id_paziente, id_medico, campo, data_emissione) values (DEFAULT, 1, 41, 'mauris vulputate elementum nullam varius nulla', '21/01/2018');
insert into ricetta (id_ricetta, id_paziente, id_medico, campo, data_emissione) values (DEFAULT, 2, 41, 'pretium nisl ut volutpat sapien arcu sed augue aliquam erat volutpat in congue etiam justo', '21/01/2018');
insert into ricetta (id_ricetta, id_paziente, id_medico, campo, data_emissione) values (DEFAULT, 3, 41, 'nisl nunc rhoncus dui vel', '28/01/2018');
insert into ricetta (id_ricetta, id_paziente, id_medico, campo, data_emissione) values (DEFAULT, 4, 41, 'odio odio elementum eu interdum eu tincidunt in leo maecenas pulvinar lobortis est phasellus sit amet erat nulla tempus', '22/01/2018');
insert into ricetta (id_ricetta, id_paziente, id_medico, campo, data_emissione) values (DEFAULT, 5, 41, 'purus aliquet at feugiat non pretium', '03/02/2018');
insert into ricetta (id_ricetta, id_paziente, id_medico, campo, data_emissione) values (DEFAULT, 6, 41, 'morbi odio odio elementum eu interdum eu tincidunt in leo', '30/01/2018');
insert into ricetta (id_ricetta, id_paziente, id_medico, campo, data_emissione) values (DEFAULT, 7, 41, 'vel est donec odio justo sollicitudin ut suscipit a feugiat et eros vestibulum ac est lacinia', '29/01/2018');
insert into ricetta (id_ricetta, id_paziente, id_medico, campo, data_emissione) values (DEFAULT, 8, 41, 'faucibus orci luctus et ultrices posuere cubilia curae duis faucibus accumsan odio curabitur convallis duis', '26/01/2018');
insert into ricetta (id_ricetta, id_paziente, id_medico, campo, data_emissione) values (DEFAULT, 9, 41, 'nulla quisque arcu libero rutrum ac lobortis vel dapibus at', '08/01/2018');
insert into ricetta (id_ricetta, id_paziente, id_medico, campo, data_emissione) values (DEFAULT, 10, 41, 'ut suscipit a feugiat et eros vestibulum ac est lacinia nisi venenatis tristique fusce congue diam id', '11/01/2018');
insert into ricetta (id_ricetta, id_paziente, id_medico, campo, data_emissione) values (DEFAULT, 11, 42, 'duis consequat dui nec nisi volutpat eleifend donec ut dolor', '21/01/2018');
insert into ricetta (id_ricetta, id_paziente, id_medico, campo, data_emissione) values (DEFAULT, 12, 42, 'ligula suspendisse ornare consequat lectus in est risus auctor sed', '31/01/2018');
insert into ricetta (id_ricetta, id_paziente, id_medico, campo, data_emissione) values (DEFAULT, 13, 42, 'in faucibus orci luctus et ultrices posuere cubilia curae donec pharetra magna vestibulum aliquet ultrices erat', '20/01/2018');
insert into ricetta (id_ricetta, id_paziente, id_medico, campo, data_emissione) values (DEFAULT, 14, 42, 'quis justo maecenas rhoncus aliquam lacus morbi quis tortor id nulla', '27/01/2018');
insert into ricetta (id_ricetta, id_paziente, id_medico, campo, data_emissione) values (DEFAULT, 15, 42, 'dui vel sem sed sagittis nam congue risus semper porta', '11/01/2018');
insert into ricetta (id_ricetta, id_paziente, id_medico, campo, data_emissione) values (DEFAULT, 16, 43, 'quam nec dui luctus rutrum nulla tellus in sagittis dui vel nisl duis ac nibh fusce lacus purus', '08/01/2018');
insert into ricetta (id_ricetta, id_paziente, id_medico, campo, data_emissione) values (DEFAULT, 17, 43, 'pellentesque viverra pede ac diam cras pellentesque volutpat dui maecenas tristique est et tempus semper est quam pharetra', '20/01/2018');
insert into ricetta (id_ricetta, id_paziente, id_medico, campo, data_emissione) values (DEFAULT, 18, 43, 'erat eros viverra eget congue eget semper rutrum nulla nunc purus phasellus in felis donec semper sapien a libero', '03/02/2018');
insert into ricetta (id_ricetta, id_paziente, id_medico, campo, data_emissione) values (DEFAULT, 19, 43, 'in blandit ultrices enim lorem ipsum dolor', '17/01/2018');
insert into ricetta (id_ricetta, id_paziente, id_medico, campo, data_emissione) values (DEFAULT, 20, 43, 'mi pede malesuada in imperdiet et commodo vulputate justo in blandit ultrices enim lorem', '03/02/2018');
insert into ricetta (id_ricetta, id_paziente, id_medico, campo, data_emissione) values (DEFAULT, 21, 44, 'nibh in quis justo maecenas rhoncus aliquam lacus morbi quis', '02/01/2018');
insert into ricetta (id_ricetta, id_paziente, id_medico, campo, data_emissione) values (DEFAULT, 22, 44, 'primis in faucibus orci luctus et ultrices posuere cubilia', '29/01/2018');
insert into ricetta (id_ricetta, id_paziente, id_medico, campo, data_emissione) values (DEFAULT, 23, 44, 'id luctus nec molestie sed justo pellentesque viverra pede ac diam cras', '12/01/2018');
insert into ricetta (id_ricetta, id_paziente, id_medico, campo, data_emissione) values (DEFAULT, 24, 44, 'eget vulputate ut ultrices vel augue vestibulum ante ipsum primis', '23/01/2018');
insert into ricetta (id_ricetta, id_paziente, id_medico, campo, data_emissione) values (DEFAULT, 25, 44, 'nec sem duis aliquam convallis nunc proin at turpis a pede posuere', '25/01/2018');
insert into ricetta (id_ricetta, id_paziente, id_medico, campo, data_emissione) values (DEFAULT, 26, 45, 'cum sociis natoque penatibus et magnis dis parturient', '02/02/2018');
insert into ricetta (id_ricetta, id_paziente, id_medico, campo, data_emissione) values (DEFAULT, 27, 45, 'vestibulum velit id pretium iaculis diam erat fermentum justo nec', '23/01/2018');
insert into ricetta (id_ricetta, id_paziente, id_medico, campo, data_emissione) values (DEFAULT, 28, 45, 'faucibus orci luctus et ultrices', '11/01/2018');
insert into ricetta (id_ricetta, id_paziente, id_medico, campo, data_emissione) values (DEFAULT, 29, 45, 'interdum mauris ullamcorper purus sit amet nulla quisque arcu libero rutrum', '15/01/2018');
insert into ricetta (id_ricetta, id_paziente, id_medico, campo, data_emissione) values (DEFAULT, 30, 46, 'luctus ultricies eu nibh quisque id justo sit amet sapien dignissim vestibulum vestibulum ante ipsum', '07/01/2018');
insert into ricetta (id_ricetta, id_paziente, id_medico, campo, data_emissione) values (DEFAULT, 31, 46, 'aenean fermentum donec ut mauris eget massa tempor convallis nulla neque libero convallis eget eleifend luctus ultricies eu nibh quisque', '06/02/2018');
insert into ricetta (id_ricetta, id_paziente, id_medico, campo, data_emissione) values (DEFAULT, 32, 46, 'felis ut at dolor quis odio consequat varius integer ac leo pellentesque ultrices mattis odio donec vitae', '04/01/2018');
insert into ricetta (id_ricetta, id_paziente, id_medico, campo, data_emissione) values (DEFAULT, 33, 47, 'orci pede venenatis non sodales sed tincidunt', '01/01/2018');
insert into ricetta (id_ricetta, id_paziente, id_medico, campo, data_emissione) values (DEFAULT, 34, 47, 'amet eros suspendisse accumsan tortor quis turpis sed ante vivamus', '28/01/2018');
insert into ricetta (id_ricetta, id_paziente, id_medico, campo, data_emissione) values (DEFAULT, 35, 48, 'erat nulla tempus vivamus in felis eu sapien cursus vestibulum proin eu mi', '18/01/2018');
insert into ricetta (id_ricetta, id_paziente, id_medico, campo, data_emissione) values (DEFAULT, 36, 49, 'orci luctus et ultrices posuere cubilia', '27/01/2018');
insert into ricetta (id_ricetta, id_paziente, id_medico, campo, data_emissione) values (DEFAULT, 37, 50, 'primis in faucibus orci luctus et ultrices posuere', '06/02/2018');
insert into ricetta (id_ricetta, id_paziente, id_medico, campo, data_emissione) values (DEFAULT, 38, 50, 'eros viverra eget congue eget semper rutrum nulla nunc purus', '18/01/2018');
insert into ricetta (id_ricetta, id_paziente, id_medico, campo, data_emissione) values (DEFAULT, 39, 50, 'suspendisse potenti cras in purus eu magna vulputate luctus cum sociis natoque penatibus et magnis dis parturient montes nascetur', '11/01/2018');
insert into ricetta (id_ricetta, id_paziente, id_medico, campo, data_emissione) values (DEFAULT, 40, 50, 'quisque ut erat curabitur gravida nisi at nibh in hac habitasse platea dictumst aliquam augue quam', '22/01/2018');
